CO-BRANCH;OFFICE;PRODUCT;GROUP;Jan-25;Feb-25;Mar-25;Apr-25;Mei-25;Jun-25;Jul-25;Agu-25;Sep-25;Okt-25;Nov-25;Des-25;Jan-26;Feb-26;Mar-26;Apr-26;Mei-26;Jun-26;Jul-26;Agu-26;Sep-26
211 - MEDAN BALAIKOTA;211 - MEDAN BALAIKOTA;Auto_Loan;Consumer;0;0;0;0;0;0;0;0;0;0;0;0;0;0;0;0;0;0;0;0;0
211 - MEDAN BALAIKOTA;211 - MEDAN BALAIKOTA;Cicil_Emas;Consumer;161857265;281104955;570574587;873741308;300934967;647742519;237210200;460242286;1004111830;1268106099;1323142000;4627765644;2.089.626.667;2075922598;4145374676;1876058957;299474469;511148400;971227022;464192844;237056866
211 - MEDAN BALAIKOTA;211 - MEDAN BALAIKOTA;KPR;Consumer;0;0;0;0;0;1294000000;543000000;450000000;0;1263000000;0;150000000;1070000000;0;0;653700000;0;237500000;0;0;0
211 - MEDAN BALAIKOTA;211 - MEDAN BALAIKOTA;Multiguna;Consumer;75000000;200000000;175000000;0;150000000;0;228490000;100000000;0;0;0;370000000;0;75000000;150000000;0;60000000;50000000;95000000;0;0
211 - MEDAN BALAIKOTA;211 - MEDAN BALAIKOTA;Prohajj;Consumer;0;0;0;0;0;0;560000000;270000000;630000000;560000000;350000000;210000000;630000000;140000000;0;0;428000000;308000000;308000000;1001000000;0
211 - MEDAN BALAIKOTA;211 - MEDAN BALAIKOTA;SME;SME;0;0;0;0;0;0;0;0;0;0;0;0;0;0;0;0;0;0;0;0;0
482 - MEDAN BARU;214 - KCP BINJAI;Auto_Loan;Consumer;0;0;0;0;0;0;0;0;0;0;0;0;0;0;0;0;0;0;0;0;0
482 - MEDAN BARU;214 - KCP BINJAI;Cicil_Emas;Consumer;11993911;454082778;146435780;804443094;33422349;47229780;0;15025471;75244800;179884000;175133800;879729836;3315718800;136105400;877439135;430796307;109399818;2883121833;184740400;462028510;20960270
482 - MEDAN BARU;214 - KCP BINJAI;KPR;Consumer;0;0;0;0;0;0;0;0;0;0;0;0;0;0;0;0;0;0;0;0;0
482 - MEDAN BARU;214 - KCP BINJAI;Multiguna;Consumer;0;0;0;0;0;0;0;700000000;0;350000000;0;390000000;50000000;100000000;100000000;312000000;0;116000000;100000000;100000000;49000000
482 - MEDAN BARU;214 - KCP BINJAI;Prohajj;Consumer;0;0;0;0;0;0;0;0;0;0;0;0;0;140000000;0;0;0;0;0;0;0
482 - MEDAN BARU;214 - KCP BINJAI;SME;SME;0;0;0;0;0;0;0;0;0;0;0;0;0;0;0;0;0;0;0;0;0
211 - MEDAN BALAIKOTA;215 - KCP SUKARAMAI;Auto_Loan;Consumer;0;0;0;0;0;0;0;0;0;0;0;0;0;0;0;0;0;0;0;0;0
211 - MEDAN BALAIKOTA;215 - KCP SUKARAMAI;Cicil_Emas;Consumer;197186941;103396703;7089680;225404760;433478998;46828780;123727290;68673000;266282800;599178999;274243000;698295813;616488000;536203879;206757607;489040586;155678268;263375799;94939659;539273426;98502644
211 - MEDAN BALAIKOTA;215 - KCP SUKARAMAI;KPR;Consumer;0;0;0;0;0;0;0;0;0;0;0;0;0;0;0;0;0;0;0;0;0
211 - MEDAN BALAIKOTA;215 - KCP SUKARAMAI;Multiguna;Consumer;0;0;20000000;183000000;110000000;50000000;150000000;49584000;20000000;45000000;0;140.000.000;0;0;0;0;200.000.000;0;0;0;0
211 - MEDAN BALAIKOTA;215 - KCP SUKARAMAI;Prohajj;Consumer;0;0;0;0;0;0;0;0;140000000;0;140000000;0;0;0;0;0;0;0;0;0;0
211 - MEDAN BALAIKOTA;215 - KCP SUKARAMAI;SME;SME;0;0;0;0;0;0;0;0;0;0;0;0;0;5000000000;0;2100000000;0;0;0;2139725304;0
221 - PEKANBARU;221 - PEKANBARU;Auto_Loan;Consumer;0;0;0;0;0;0;0;0;0;0;0;0;0;0;0;0;0;0;0;0;0
221 - PEKANBARU;221 - PEKANBARU;Cicil_Emas;Consumer;34178235;2543721590;363772773;1093865932;609571138;0;482855646;2001005520;838572000;1052875199;859435297;2.261.089.809;2.652.240.505;1930351612;1737638787;562044540;1963158249;774702820;3112388936;781256849;253797131
221 - PEKANBARU;221 - PEKANBARU;KPR;Consumer;0;0;0;0;0;170000000;0;0;148400000;0;214529603;0;0;0;200000000;250.000.000;495000000;0;0;0;0
221 - PEKANBARU;221 - PEKANBARU;Multiguna;Consumer;0;0;715500000;127200000;39000000;1070000000;190000000;200000000;24000000;40000000;232200000;232165000;0;50000000;0;0;20000000;102000000;115000000;137500000;0
221 - PEKANBARU;221 - PEKANBARU;Prohajj;Consumer;0;0;0;0;0;0;0;0;0;0;0;0;0;0;0;220000000;0;0;0;0;0
221 - PEKANBARU;221 - PEKANBARU;SME;SME;0;0;0;0;10000000000;0;0;0;0;0;0;5000000000;5500000000;0;0;200000000;0;0;0;3000000000;6175000000
221 - PEKANBARU;227 - KCP KAMPAR;Auto_Loan;Consumer;0;0;0;0;0;0;0;0;0;0;0;0;0;0;0;0;0;0;0;0;0
221 - PEKANBARU;227 - KCP KAMPAR;Cicil_Emas;Consumer;7824513;150921965;597289607;997288263;377795887;281887964;185541069;553680000;275726000;785575000;669509000;1391610462;4861915000;161.258.000;754438298;1102113032;260609903;400770430;837130487;457785613;90159138
221 - PEKANBARU;227 - KCP KAMPAR;KPR;Consumer;0;0;0;0;0;0;0;0;0;0;0;0;0;0;0;0;0;0;0;0;0
221 - PEKANBARU;227 - KCP KAMPAR;Multiguna;Consumer;0;140000000;108000000;406400000;404000000;485431000;402600000;388800000;136800000;408700000;115000000;264000000;195000000;200000000;65000000;70000000;95000000;86300000;136850000;99000000;206000000
221 - PEKANBARU;227 - KCP KAMPAR;Prohajj;Consumer;0;110000000;0;0;140000000;0;0;110000000;140000000;90000000;280000000;420000000;140000000;70000000;0;110000000;0;770000000;0;0;0
221 - PEKANBARU;227 - KCP KAMPAR;SME;SME;0;0;0;0;0;0;0;0;0;0;0;0;0;0;0;0;0;0;0;0;0
211 - MEDAN BALAIKOTA;230 - KCP SERDANG;Auto_Loan;Consumer;0;0;0;0;0;0;0;0;0;0;0;0;0;0;0;0;0;0;0;0;0
211 - MEDAN BALAIKOTA;230 - KCP SERDANG;Cicil_Emas;Consumer;12354811;674542151;13172851;48816739;22115151;47179655;37904123;71729600;79790793;1664253400;121215400;708837517;758129815;1656449953;962738448;112360202;769272391;757258375;677939380;264752232;370834083
211 - MEDAN BALAIKOTA;230 - KCP SERDANG;KPR;Consumer;0;0;0;0;0;0;0;0;0;0;0;0;0;0;0;0;0;0;0;0;0
211 - MEDAN BALAIKOTA;230 - KCP SERDANG;Multiguna;Consumer;0;0;0;0;0;0;0;0;0;0;0;0;0;0;0;0;0;0;0;0;0
211 - MEDAN BALAIKOTA;230 - KCP SERDANG;Prohajj;Consumer;0;0;0;0;0;0;0;0;0;0;0;0;0;0;0;0;0;0;0;0;0
211 - MEDAN BALAIKOTA;230 - KCP SERDANG;SME;SME;0;0;200000000;0;0;0;0;0;0;0;0;0;0;0;6500000000;0;0;0;500000000;0;0
211 - MEDAN BALAIKOTA;231 - PADANGSIDIMPUAN;Auto_Loan;Consumer;0;0;0;0;0;0;0;0;0;0;0;0;0;0;0;0;0;0;0;0;0
211 - MEDAN BALAIKOTA;231 - PADANGSIDIMPUAN;Cicil_Emas;Consumer;15438500;156605741;114629864;265829674;605818524;149734403;160015523;148616600;111315400;731907000;886324000;352370283;539345300;269031517;940496389;738215945;179061541;721445636;712240163;92647951;64846714
211 - MEDAN BALAIKOTA;231 - PADANGSIDIMPUAN;KPR;Consumer;0;0;0;0;0;0;0;0;0;0;0;0;0;0;0;0;0;0;0;0;0
211 - MEDAN BALAIKOTA;231 - PADANGSIDIMPUAN;Multiguna;Consumer;200000000;199000000;320000000;193000000;230000000;115000000;117000000;729000000;265000000;268000000;70000000;624000000;465000000;397000000;95000000;220000000;245000000;126000000;182000000;70000000;100000000
211 - MEDAN BALAIKOTA;231 - PADANGSIDIMPUAN;Prohajj;Consumer;0;0;0;0;0;0;0;0;0;0;0;0;50000000;0;0;0;0;0;0;0;0
211 - MEDAN BALAIKOTA;231 - PADANGSIDIMPUAN;SME;SME;0;0;0;0;0;0;0;0;0;0;0;0;0;0;0;0;0;0;0;0;0
211 - MEDAN BALAIKOTA;233 - KCP PANYABUNGAN;Auto_Loan;Consumer;0;0;0;0;0;0;0;0;0;0;0;0;0;0;0;0;0;0;0;0;0
211 - MEDAN BALAIKOTA;233 - KCP PANYABUNGAN;Cicil_Emas;Consumer;77840117;19644991;0;40749621;0;0;0;276498800;42558000;403914000;1537271625;94203200;322001000;635689000;104886564;542231302;150183642;224845717;51949551;40420801;25181000
211 - MEDAN BALAIKOTA;233 - KCP PANYABUNGAN;KPR;Consumer;0;0;0;0;0;0;0;0;0;0;0;0;0;0;0;0;0;0;0;0;0
211 - MEDAN BALAIKOTA;233 - KCP PANYABUNGAN;Multiguna;Consumer;60000000;105000000;40000000;0;213000000;0;0;40000000;0;0;24700000;0;0;120000000;0;0;50000000;175000000;0;73300000;0
211 - MEDAN BALAIKOTA;233 - KCP PANYABUNGAN;Prohajj;Consumer;0;0;0;0;0;0;0;0;0;0;0;0;0;0;0;0;0;0;0;0;0
211 - MEDAN BALAIKOTA;233 - KCP PANYABUNGAN;SME;SME;0;0;0;0;0;0;0;0;0;0;0;0;0;0;0;0;0;0;0;0;0
241 - BANDA ACEH;241 - BANDA ACEH;Auto_Loan;Consumer;0;0;0;0;0;0;0;0;0;0;0;0;0;0;0;0;0;0;0;0;0
241 - BANDA ACEH;241 - BANDA ACEH;Cicil_Emas;Consumer;40748620;76828595;33226862;23262011;115063945;47029280;18507000;46960000;82430400;181978000;135278000;179426920;613470200;453780543;182028604;134861844;52573401;169878071;156751460;210675200;51294488
241 - BANDA ACEH;241 - BANDA ACEH;KPR;Consumer;0;0;304000000;0;0;0;0;0;0;0;0;350000000;0;0;0;0;0;0;0;0;0
241 - BANDA ACEH;241 - BANDA ACEH;Multiguna;Consumer;0;0;0;0;0;0;0;0;25000000;0;0;0;0;0;0;0;0;0;0;0;0
241 - BANDA ACEH;241 - BANDA ACEH;Prohajj;Consumer;0;0;0;0;0;0;0;0;0;0;0;0;0;0;0;0;0;0;0;77000000;0
241 - BANDA ACEH;241 - BANDA ACEH;SME;SME;0;0;0;0;0;0;0;0;0;0;0;0;0;0;0;0;0;0;0;0;0
482 - MEDAN BARU;251 - PEMATANG SIANTAR;Auto_Loan;Consumer;0;0;0;0;0;0;0;0;0;0;0;0;0;0;0;0;0;0;0;0;0
482 - MEDAN BARU;251 - PEMATANG SIANTAR;Cicil_Emas;Consumer;15603913;129372224;13277111;58322395;0;188560226;0;14847200;39763200;274322000;128591463;95947000;266665200;542055389;316178456;749942564;124332057;143833156;168539299;316173465;102320238
482 - MEDAN BARU;251 - PEMATANG SIANTAR;KPR;Consumer;0;0;0;0;0;0;0;0;0;0;0;0;0;0;0;0;0;0;0;0;0
482 - MEDAN BARU;251 - PEMATANG SIANTAR;Multiguna;Consumer;0;0;0;0;0;0;0;0;0;0;0;0;0;0;0;0;0;0;0;0;0
482 - MEDAN BARU;251 - PEMATANG SIANTAR;Prohajj;Consumer;0;0;0;0;0;0;0;0;0;0;0;0;0;0;0;0;0;0;0;0;0
482 - MEDAN BARU;251 - PEMATANG SIANTAR;SME;SME;0;0;0;0;0;0;0;0;0;0;0;0;0;0;0;0;0;0;0;0;0
482 - MEDAN BARU;252 - KCP KISARAN;Auto_Loan;Consumer;0;0;0;0;0;0;0;0;0;0;0;0;0;0;0;0;0;0;0;0;0
482 - MEDAN BARU;252 - KCP KISARAN;Cicil_Emas;Consumer;12587391;216956243;68059328;224678700;123125548;51318778;7528800;23559600;34508750;267116150;522613360;282850800;91986800;14459000;1019844052;384569537;374438833;369511428;285617268;26668706;0
482 - MEDAN BARU;252 - KCP KISARAN;KPR;Consumer;0;0;0;0;0;0;0;0;0;0;0;0;0;0;0;0;0;0;0;0;0
482 - MEDAN BARU;252 - KCP KISARAN;Multiguna;Consumer;0;0;0;0;65000000;0;1005000000;2722355000;1910000000;1150000000;555000000;1112000000;414500000;623000000;0;0;0;140000000;215000000;105000000;100000000
482 - MEDAN BARU;252 - KCP KISARAN;Prohajj;Consumer;0;0;0;0;0;0;0;0;280000000;0;140000000;70000000;0;0;0;0;2492000000;3184000000;1078000000;385000000;462000000
482 - MEDAN BARU;252 - KCP KISARAN;SME;SME;0;0;0;0;0;0;0;0;0;1000000000;0;0;0;0;0;0;1750000000;0;0;0;0
241 - BANDA ACEH;261 - LANGSA;Auto_Loan;Consumer;0;0;0;0;0;0;0;0;0;0;0;0;0;0;0;0;0;0;0;0;0
241 - BANDA ACEH;261 - LANGSA;Cicil_Emas;Consumer;0;0;6548331;0;0;38004375;0;52592000;33053600;234877000;230657000;25528000;259603000;14406000;219352014;111919102;398817348;591797123;64221138;119027456;103510131
241 - BANDA ACEH;261 - LANGSA;KPR;Consumer;0;0;0;0;0;0;0;0;0;0;0;0;0;0;0;0;0;0;0;0;0
241 - BANDA ACEH;261 - LANGSA;Multiguna;Consumer;0;0;0;30000000;0;0;30000000;15000000;0;0;0;190.000.000;0;0;0;0;0;0;0;0;0
241 - BANDA ACEH;261 - LANGSA;Prohajj;Consumer;0;0;0;0;0;0;0;0;0;0;140000000;0;0;0;0;0;0;0;0;0;0
241 - BANDA ACEH;261 - LANGSA;SME;SME;0;0;0;0;0;0;0;0;0;0;0;0;0;0;0;0;0;0;0;0;0
241 - BANDA ACEH;262 - KCP LHOKSEUMAWE;Auto_Loan;Consumer;0;0;0;0;0;0;0;0;0;0;0;0;0;0;0;0;0;0;0;0;0
241 - BANDA ACEH;262 - KCP LHOKSEUMAWE;Cicil_Emas;Consumer;7829525;294599176;661505245;530753779;312184520;244052210;46810000;441606389;562467000;572378998;976965000;1079909558;1334969200;1011242200;1162013655;1328990179;673816828;1535450282;869328693;625348063;101830726
241 - BANDA ACEH;262 - KCP LHOKSEUMAWE;KPR;Consumer;0;0;0;0;0;0;0;0;0;0;0;0;0;0;0;0;0;0;0;0;0
241 - BANDA ACEH;262 - KCP LHOKSEUMAWE;Multiguna;Consumer;0;30000000;48000000;0;128000000;0;0;50000000;25000000;0;0;35.000.000;0;30.000.000;0;0;15000000;30000000;5000000;35000000;0
241 - BANDA ACEH;262 - KCP LHOKSEUMAWE;Prohajj;Consumer;0;0;0;0;0;0;0;0;0;0;0;0;0;0;0;140000000;0;144000000;0;0;132000000
241 - BANDA ACEH;262 - KCP LHOKSEUMAWE;SME;SME;0;0;0;0;1500000000;0;0;0;0;0;0;0;0;0;0;0;0;0;0;0;0
351 - LAMPUNG;351 - LAMPUNG;Auto_Loan;Consumer;0;0;0;0;0;0;0;0;0;0;0;0;0;0;0;0;0;0;0;0;0
351 - LAMPUNG;351 - LAMPUNG;Cicil_Emas;Consumer;62154199;276151719;232518183;811840591;462786690;610492431;237369426;1005785273;485331820;2083019600;2159216036;4244114154;2366144737;1387302945;275558676;517600768;485006501;907634096;846619355;2366606228;2606223788
351 - LAMPUNG;351 - LAMPUNG;KPR;Consumer;0;0;0;0;0;635500000;0;255000000;0;280000000;0;0;100.000.000;0;0;0;0;0;0;1108750000;0
351 - LAMPUNG;351 - LAMPUNG;Multiguna;Consumer;458000000;298000000;479350000;122000000;364000000;95000000;114000000;234000000;180000000;50000000;0;444000000;236100000;0;0;0;0;0;0;0;150000000
351 - LAMPUNG;351 - LAMPUNG;Prohajj;Consumer;0;0;0;0;0;0;0;0;0;0;0;0;0;0;0;0;0;154000000;77000000;0;0
351 - LAMPUNG;351 - LAMPUNG;SME;SME;0;0;1700000000;0;0;6000000000;0;0;4100000000;6500000000;20000000000;4000000000;0;0;0;0;0;0;2480000000;0;0
351 - LAMPUNG;352 - KCP BANDAR JAYA;Auto_Loan;Consumer;0;0;0;0;0;0;0;0;0;0;0;0;0;0;0;0;0;0;0;0;0
351 - LAMPUNG;352 - KCP BANDAR JAYA;Cicil_Emas;Consumer;40733584;89966362;126145782;179491078;128653836;3336623760;194923000;363320000;942049000;2081278400;3864499000;362.988.800;4.416.714.113;1.432.450.660;438.640.808;138188793;123016752;241962900;103364769;81097165;25854476
351 - LAMPUNG;352 - KCP BANDAR JAYA;KPR;Consumer;0;0;0;0;0;0;0;0;0;0;0;0;0;0;0;0;0;0;0;0;0
351 - LAMPUNG;352 - KCP BANDAR JAYA;Multiguna;Consumer;0;0;0;0;0;0;110000000;0;0;0;0;0;0;0;0;0;0;0;0;0;0
351 - LAMPUNG;352 - KCP BANDAR JAYA;Prohajj;Consumer;0;0;0;0;0;0;0;0;0;0;0;0;0;0;0;0;0;0;0;77000000;0
351 - LAMPUNG;352 - KCP BANDAR JAYA;SME;SME;0;0;0;0;0;0;0;0;0;0;0;0;0;0;0;0;0;0;0;0;0
351 - LAMPUNG;353 - KCP METRO LAMPUNG;Auto_Loan;Consumer;0;0;0;0;0;0;0;0;0;0;0;0;0;0;0;0;0;0;0;0;0
351 - LAMPUNG;353 - KCP METRO LAMPUNG;Cicil_Emas;Consumer;70161569;85089797;63265222;265966964;622367041;47931530;120201775;381862412;604433000;566952200;679579000;1776326461;1179831674;1236776896;981939245;369010132;247469042;423735584;360219678;155279728;25151021
351 - LAMPUNG;353 - KCP METRO LAMPUNG;KPR;Consumer;0;0;0;0;0;0;0;0;0;0;0;0;0;0;0;0;0;0;0;0;0
351 - LAMPUNG;353 - KCP METRO LAMPUNG;Multiguna;Consumer;0;530000000;418000000;302000000;100000000;588000000;70000000;95000000;580000000;501800000;910000000;600000000;190000000;287000000;25000000;170000000;20000000;0;16000000;20000000;0
351 - LAMPUNG;353 - KCP METRO LAMPUNG;Prohajj;Consumer;0;0;0;0;0;0;0;0;0;0;0;0;0;0;0;0;0;0;0;0;0
351 - LAMPUNG;353 - KCP METRO LAMPUNG;SME;SME;0;0;0;0;0;0;0;0;0;0;0;0;0;0;0;0;0;0;0;0;0
351 - LAMPUNG;355 - KCP ZA PAGAR ALAM LAMPUNG;Auto_Loan;Consumer;0;0;0;0;0;0;0;0;0;0;0;0;0;0;0;0;0;0;0;0;0
351 - LAMPUNG;355 - KCP ZA PAGAR ALAM LAMPUNG;Cicil_Emas;Consumer;6249325;239163256;144197195;195658300;161712344;196162873;18581000;208055030;208731000;1505528999;805905003;1764085091;1708850806;1257892200;1686516597;400391190;253844790;461245175;103382814;220529727;0
351 - LAMPUNG;355 - KCP ZA PAGAR ALAM LAMPUNG;KPR;Consumer;0;0;0;0;300000000;0;0;0;0;0;0;0;0;0;0;0;0;0;150000000;0;0
351 - LAMPUNG;355 - KCP ZA PAGAR ALAM LAMPUNG;Multiguna;Consumer;0;149000000;430000000;15000000;50000000;183000000;136600000;85000000;295000000;63000000;150000000;35000000;30000000;65000000;0;250000000;130000000;50000000;0;235000000;90000000
351 - LAMPUNG;355 - KCP ZA PAGAR ALAM LAMPUNG;Prohajj;Consumer;0;0;0;0;0;0;0;0;0;0;110000000;70.000.000;0;0;140000000;0;0;0;0;0;77000000
351 - LAMPUNG;355 - KCP ZA PAGAR ALAM LAMPUNG;SME;SME;0;0;0;0;0;0;0;0;0;0;0;0;0;0;0;0;0;0;0;0;2174000000
351 - LAMPUNG;356 - KCP KOTABUMI LAMPUNG;Auto_Loan;Consumer;0;0;0;0;0;0;0;0;0;0;0;0;0;0;0;0;0;0;0;0;0
351 - LAMPUNG;356 - KCP KOTABUMI LAMPUNG;Cicil_Emas;Consumer;7749325;0;34455524;6945128989;389598572;0;150464823;555022400;475492301;2852786790;1393796863;1671061494;2109767329;1005082404;2017287343;138943457;186860589;206099827;191542051;13127738;111749405
351 - LAMPUNG;356 - KCP KOTABUMI LAMPUNG;KPR;Consumer;0;0;0;0;0;0;0;0;0;0;0;0;0;0;0;0;0;0;0;0;0
351 - LAMPUNG;356 - KCP KOTABUMI LAMPUNG;Multiguna;Consumer;75000000;159000000;243000000;0;0;0;0;0;90000000;262000000;0;110000000;30000000;113.000.000;90000000;0;0;0;0;145000000;0
351 - LAMPUNG;356 - KCP KOTABUMI LAMPUNG;Prohajj;Consumer;0;0;70000000;0;0;0;70000000;140000000;0;0;0;0;140000000;0;0;90000000;0;308000000;308000000;154000000;0
351 - LAMPUNG;356 - KCP KOTABUMI LAMPUNG;SME;SME;0;0;0;0;0;0;0;0;0;0;0;0;0;0;0;0;0;0;0;0;0
361 - PALEMBANG;361 - PALEMBANG;Auto_Loan;Consumer;0;0;0;0;0;0;0;0;0;0;0;0;0;0;0;0;0;0;0;0;0
361 - PALEMBANG;361 - PALEMBANG;Cicil_Emas;Consumer;27898574;118073653;118356066;478876214;254171047;0;345878540;290372198;618799199;1854424599;1839292346;2904234721;1462244876;1041676413;3008058565;463877538;466460103;2055152282;2111640063;411755523;33601263
361 - PALEMBANG;361 - PALEMBANG;KPR;Consumer;0;0;0;0;0;0;284000000;0;0;0;0;0;0;0;0;0;0;0;0;0;0
361 - PALEMBANG;361 - PALEMBANG;Multiguna;Consumer;200000000;75000000;1332000000;0;0;115000000;1025000000;200000000;184600000;0;130000000;100000000;0;200000000;250000000;950000000;0;0;197000000;0;0
361 - PALEMBANG;361 - PALEMBANG;Prohajj;Consumer;0;0;0;0;0;0;0;0;210000000;350000000;350000000;980000000;210000000;140000000;0;0;428000000;0;308000000;77000000;0
361 - PALEMBANG;361 - PALEMBANG;SME;SME;0;0;0;0;0;0;0;0;0;0;0;0;0;0;0;0;0;0;0;0;0
361 - PALEMBANG;366 - KCP PLAJU;Auto_Loan;Consumer;0;0;0;0;0;0;0;0;0;0;0;0;0;0;0;0;0;0;0;0;0
361 - PALEMBANG;366 - KCP PLAJU;Cicil_Emas;Consumer;0;221720122;0;476733868;93707685;94259060;0;0;71424000;722640200;1398464200;734.280.166;541.257.914;885636291;334966400;283921991;83468152;402626058;65688815;26200338;261263530
361 - PALEMBANG;366 - KCP PLAJU;KPR;Consumer;0;0;0;0;0;0;0;0;0;0;0;0;0;0;0;0;0;0;0;0;0
361 - PALEMBANG;366 - KCP PLAJU;Multiguna;Consumer;335000000;530000000;638000000;584000000;716400000;682000000;1252700000;314150000;398000000;377000000;777000000;398000000;493000000;162000000;395000000;430000000;128000000;445000000;200000000;0;0
361 - PALEMBANG;366 - KCP PLAJU;Prohajj;Consumer;0;0;0;0;0;280000000;70000000;0;0;70000000;140000000;0;0;140000000;0;0;0;0;154000000;0;0
361 - PALEMBANG;366 - KCP PLAJU;SME;SME;0;0;0;0;0;0;0;0;0;0;0;0;0;0;0;0;0;0;0;0;0
371 - PANGKAL PINANG;371 - PANGKAL PINANG;Auto_Loan;Consumer;0;0;0;0;0;0;0;0;0;0;0;0;0;0;0;0;0;0;0;0;0
371 - PANGKAL PINANG;371 - PANGKAL PINANG;Cicil_Emas;Consumer;37457412;404971163;73346915;1685334687;266517636;276553259;685067800;56612000;902402399;1065032400;458805400;1660751349;3479853200;448643066;958203052;756594895;668125683;653207162;355683857;144938681;89685652
371 - PANGKAL PINANG;371 - PANGKAL PINANG;KPR;Consumer;0;0;0;350000000;0;0;0;200000000;0;0;0;0;0;369000000;0;0;0;0;0;183000000;0
371 - PANGKAL PINANG;371 - PANGKAL PINANG;Multiguna;Consumer;0;0;0;0;210000000;100000000;15000000;130000000;0;60000000;0;0;130000000;0;100000000;100000000;0;0;60000000;0;0
371 - PANGKAL PINANG;371 - PANGKAL PINANG;Prohajj;Consumer;0;0;0;0;140000000;0;70000000;195000000;420000000;280000000;280000000;0;0;0;0;0;0;0;77000000;0;0
371 - PANGKAL PINANG;371 - PANGKAL PINANG;SME;SME;0;0;0;0;0;0;0;0;0;0;289000000;0;0;0;0;0;0;0;0;0;0
371 - PANGKAL PINANG;372 - KCP TANJUNG PANDAN;Auto_Loan;Consumer;0;0;0;0;0;0;0;0;0;0;0;0;0;0;0;0;0;0;0;0;0
371 - PANGKAL PINANG;372 - KCP TANJUNG PANDAN;Cicil_Emas;Consumer;0;91285250;81314782;367015855;339789558;282891466;82511810;290674785;603510800;1076583200;1529840598;777567198;551363774;1543052488;920558666;583739027;370280397;377616568;714373484;166367366;25829413
371 - PANGKAL PINANG;372 - KCP TANJUNG PANDAN;KPR;Consumer;0;0;0;0;0;0;0;0;0;0;0;0;0;0;0;0;0;0;0;0;0
371 - PANGKAL PINANG;372 - KCP TANJUNG PANDAN;Multiguna;Consumer;370000000;0;0;0;0;0;0;0;0;0;0;0;0;0;0;0;0;0;0;0;0
371 - PANGKAL PINANG;372 - KCP TANJUNG PANDAN;Prohajj;Consumer;0;0;0;0;0;0;0;0;0;0;0;0;0;0;0;0;0;0;154000000;0;0
371 - PANGKAL PINANG;372 - KCP TANJUNG PANDAN;SME;SME;0;0;0;0;0;0;0;0;0;0;0;0;0;0;0;0;0;0;0;0;0
371 - PANGKAL PINANG;373 - KCP SUNGAILIAT;Auto_Loan;Consumer;0;0;0;0;0;0;0;0;0;0;0;0;0;0;0;0;0;0;0;0;0
371 - PANGKAL PINANG;373 - KCP SUNGAILIAT;Cicil_Emas;Consumer;20232456;45863975;32831475;505162461;661525692;75166648;213785000;168599000;792774800;865607900;544909800;1259390263;1317228000;991078013;647134376;1005860454;1383655821;348907096;738076894;327919756;532713164
371 - PANGKAL PINANG;373 - KCP SUNGAILIAT;KPR;Consumer;0;0;0;0;0;0;0;0;0;0;0;0;0;0;0;0;0;0;0;0;0
371 - PANGKAL PINANG;373 - KCP SUNGAILIAT;Multiguna;Consumer;50000000;0;0;0;0;0;0;0;0;0;0;0;85000000;0;0;0;150000000;500000000;0;535000000;50000000
371 - PANGKAL PINANG;373 - KCP SUNGAILIAT;Prohajj;Consumer;0;110000000;0;0;0;0;0;0;0;0;0;0;0;0;0;0;0;0;0;280000000;0
371 - PANGKAL PINANG;373 - KCP SUNGAILIAT;SME;SME;0;0;0;0;0;0;0;0;0;0;0;0;0;0;0;0;0;0;0;0;0
361 - PALEMBANG;398 - KCP BATURAJA;Auto_Loan;Consumer;0;0;0;0;0;0;0;0;0;0;0;0;0;0;0;0;0;0;0;0;0
361 - PALEMBANG;398 - KCP BATURAJA;Cicil_Emas;Consumer;0;339483395;308159680;248822506;91924238;74301291;55615000;155247914;504788400;2219633200;1378723020;2106210340;1265292000;335035132;389187547;670678520;496022969;262093601;581642485;360218309;129422750
361 - PALEMBANG;398 - KCP BATURAJA;KPR;Consumer;0;0;0;0;0;0;0;0;0;0;0;0;0;0;0;0;0;0;0;0;0
361 - PALEMBANG;398 - KCP BATURAJA;Multiguna;Consumer;300000000;0;95000000;0;240000000;55000000;0;0;0;135000000;0;0;0;0;0;0;265000000;0;0;0;0
361 - PALEMBANG;398 - KCP BATURAJA;Prohajj;Consumer;0;0;0;0;0;0;0;0;140000000;0;0;0;0;0;0;0;0;0;0;0;0
361 - PALEMBANG;398 - KCP BATURAJA;SME;SME;0;0;0;0;0;0;0;0;0;0;0;0;0;0;0;0;0;0;0;0;0
361 - PALEMBANG;401 - KCP ENIM;Auto_Loan;Consumer;0;0;0;0;0;0;0;0;0;0;0;0;0;0;0;0;0;0;0;0;0
361 - PALEMBANG;401 - KCP ENIM;Cicil_Emas;Consumer;0;131245696;0;246380986;251765847;0;0;88872511;88637000;97720799;279764594;318118514;462.826.317;112888843;278502692;206899543;368609594;241809239;111896452;143610132;38591238
361 - PALEMBANG;401 - KCP ENIM;KPR;Consumer;0;0;0;0;0;0;0;0;0;0;0;0;0;0;0;0;0;0;0;0;0
361 - PALEMBANG;401 - KCP ENIM;Multiguna;Consumer;0;0;0;180000000;0;0;0;0;0;0;0;0;0;0;0;0;0;0;0;100000000;30000000
361 - PALEMBANG;401 - KCP ENIM;Prohajj;Consumer;0;0;0;0;0;0;0;0;0;0;0;0;0;0;0;0;0;0;0;0;0
361 - PALEMBANG;401 - KCP ENIM;SME;SME;0;0;0;0;0;0;0;0;0;0;0;0;0;0;0;0;0;0;0;0;0
221 - PEKANBARU;411 - BATAM;Auto_Loan;Consumer;0;0;0;0;0;0;0;0;0;0;0;0;0;0;0;0;0;0;0;0;0
221 - PEKANBARU;411 - BATAM;Cicil_Emas;Consumer;91767851;1164105061;1038230705;469412768;359325146;283363643;0;55711000;356417000;299150398;512007000;724880524;495191030;774768000;532095925;323413520;1465813526;393189524;340029615;132893942;71968163
221 - PEKANBARU;411 - BATAM;KPR;Consumer;0;0;0;0;0;0;826000000;440000000;0;0;50000000;641000000;0;0;0;0;0;0;234000000;0;0
221 - PEKANBARU;411 - BATAM;Multiguna;Consumer;173000000;150000000;370000000;71000000;226000000;277000000;456000000;0;264000000;266000000;850000000;0;50000000;104000000;80000000;0;275000000;90000000;200000000;250000000;0
221 - PEKANBARU;411 - BATAM;Prohajj;Consumer;0;0;70000000;0;0;0;0;340000000;280000000;140000000;0;220.000.000;350.000.000;470000000;280000000;0;0;144000000;355000000;0;0
221 - PEKANBARU;411 - BATAM;SME;SME;0;0;0;0;0;0;0;0;0;0;0;0;0;0;0;0;0;0;1036500000;0;0
421 - PADANG;421 - PADANG;Auto_Loan;Consumer;0;0;0;0;0;0;0;0;0;0;0;0;0;0;0;0;0;0;0;0;0
421 - PADANG;421 - PADANG;Cicil_Emas;Consumer;151630133;226835634;931672753;716666438;755047919;234007560;9220000;471311000;798634812;2321971999;1102625000;2366717263;4676907560;795167000;1672239982;380521551;703467997;686709419;834107738;3429451687;312060805
421 - PADANG;421 - PADANG;KPR;Consumer;253000000;0;319000000;0;784500418;1205000000;1203842625;850000000;1891000000;1492000000;832000000;2060000000;0;0;0;998800000;0;278000000;530000000;108000000;0
421 - PADANG;421 - PADANG;Multiguna;Consumer;65000000;318000000;0;50000000;135000000;408000000;112800000;50000000;365000000;289670000;650000000;40000000;175000000;181170000;0;0;396000000;310000000;0;0;137000000
421 - PADANG;421 - PADANG;Prohajj;Consumer;0;0;0;0;0;0;0;0;0;0;140000000;420000000;0;280000000;140000000;490000000;424000000;77000000;462000000;154000000;0
421 - PADANG;421 - PADANG;SME;SME;0;1000000000;3500000000;0;0;0;1500000000;2850000000;0;0;0;0;0;4405592148;1668376000;748138500;0;4363055000;2465260000;660482000;0
421 - PADANG;422 - KCP BUKITTINGGI;Auto_Loan;Consumer;0;0;0;0;0;0;0;0;0;0;0;0;0;0;0;0;0;0;0;0;0
421 - PADANG;422 - KCP BUKITTINGGI;Cicil_Emas;Consumer;15593888;58712017;340094518;57001151;136311532;0;14932000;71184000;177882299;605738699;251290200;947518024;745676731;343334416;273101930;179445986;357537316;295882164;448481324;176159363;824766738
421 - PADANG;422 - KCP BUKITTINGGI;KPR;Consumer;158000000;0;0;0;0;0;0;0;0;0;0;0;0;0;0;0;0;0;0;0;0
421 - PADANG;422 - KCP BUKITTINGGI;Multiguna;Consumer;49900000;15000000;200000000;50000000;0;155000000;0;250000000;0;95000000;0;0;0;180000000;0;0;0;0;90000000;80000000;0
421 - PADANG;422 - KCP BUKITTINGGI;Prohajj;Consumer;0;0;0;0;0;0;0;0;0;0;0;0;0;0;0;0;0;0;0;0;0
421 - PADANG;422 - KCP BUKITTINGGI;SME;SME;0;0;0;0;0;0;0;0;0;0;0;0;0;0;0;0;0;0;0;0;0
421 - PADANG;423 - KCP PAYAKUMBUH;Auto_Loan;Consumer;0;0;0;0;0;0;0;0;0;0;0;0;0;0;0;0;0;0;0;0;0
421 - PADANG;423 - KCP PAYAKUMBUH;Cicil_Emas;Consumer;75811057;421230454;172241530;439262626;272245921;142366028;0;7499199;209543310;170051000;256159000;1613014791;674100589;1729200080;2981894164;573373863;207677904;521315046;921065926;168017128;181387341
421 - PADANG;423 - KCP PAYAKUMBUH;KPR;Consumer;0;0;0;0;0;0;0;0;0;3000000000;0;0;0;0;0;0;0;0;0;0;0
421 - PADANG;423 - KCP PAYAKUMBUH;Multiguna;Consumer;100000000;1070000000;10000000;0;83000000;190000000;18700000;200000000;25000000;40000000;0;0;0;0;935000000;0;0;0;0;0;0
421 - PADANG;423 - KCP PAYAKUMBUH;Prohajj;Consumer;0;0;0;0;0;0;0;0;0;0;0;0;0;0;0;0;0;0;0;0;0
421 - PADANG;423 - KCP PAYAKUMBUH;SME;SME;0;0;0;0;0;0;0;0;0;0;0;0;0;0;0;0;0;0;0;0;0
421 - PADANG;424 - KCP SOLOK;Auto_Loan;Consumer;0;0;0;0;0;0;0;0;0;0;0;0;0;0;0;0;0;0;0;0;0
421 - PADANG;424 - KCP SOLOK;Cicil_Emas;Consumer;15593888;117374306;60175364;17576138;27127149;0;18475000;0;25234400;277953810;497715845;760279378;1123597000;231439000;133.477.865;628.579.776;55017200;270980666;962585839;1328158123;931819750
421 - PADANG;424 - KCP SOLOK;KPR;Consumer;0;0;0;0;0;0;0;0;0;0;0;0;0;0;0;0;0;0;0;0;0
421 - PADANG;424 - KCP SOLOK;Multiguna;Consumer;0;0;0;65000000;0;0;229000000;460000000;494300000;325000000;195000000;198000000;248500000;0;60000000;158000000;100000000;200000000;0;0;125000000
421 - PADANG;424 - KCP SOLOK;Prohajj;Consumer;0;0;0;0;0;0;0;0;70000000;0;0;0;0;0;0;0;0;0;0;0;0
421 - PADANG;424 - KCP SOLOK;SME;SME;0;0;0;0;0;0;0;0;0;0;0;0;0;0;0;0;0;0;0;0;0
431 - BENGKULU;431 - BENGKULU;Auto_Loan;Consumer;0;0;0;0;0;0;0;0;0;0;0;0;0;0;0;0;0;0;0;0;0
431 - BENGKULU;431 - BENGKULU;Cicil_Emas;Consumer;74121581;327129270;61061877;132428650;614557313;92955810;51634870;384694495;225264399;1338111400;3436139000;1973415643;1708763625;5367031189;1859963316;3123274010;344688571;1148454986;268709455;487354354;64437076
431 - BENGKULU;431 - BENGKULU;KPR;Consumer;0;0;0;0;0;0;0;0;0;0;0;0;0;0;0;0;0;0;280000000;0;0
431 - BENGKULU;431 - BENGKULU;Multiguna;Consumer;0;250000000;65000000;0;336000000;47500000;1155000000;0;300000000;0;0;325000000;0;0;0;0;189000000;214000000;0;82000000;0
431 - BENGKULU;431 - BENGKULU;Prohajj;Consumer;0;0;0;0;0;0;0;0;0;0;0;140000000;0;0;0;0;0;0;154000000;77000000;0
431 - BENGKULU;431 - BENGKULU;SME;SME;0;800000000;0;0;0;450000000;0;16999000000;0;0;757480000;3.000.000.000;1491600000;0;252780000;900000000;0;0;0;0;0
431 - BENGKULU;432 - KCP CURUP;Auto_Loan;Consumer;0;0;0;0;0;0;0;0;0;0;0;0;0;0;0;0;0;0;0;0;0
431 - BENGKULU;432 - KCP CURUP;Cicil_Emas;Consumer;25086041;138070573;326471112;192174945;469878410;77218910;37294200;73077800;144602400;384450400;308987599;824795519;750184250;851151717;1326506125;829773866;237968683;548684957;400305227;470854535;181155769
431 - BENGKULU;432 - KCP CURUP;KPR;Consumer;0;0;0;0;0;0;0;0;0;0;0;0;0;0;0;0;0;0;0;0;0
431 - BENGKULU;432 - KCP CURUP;Multiguna;Consumer;203000000;237000000;250000000;80000000;154000000;300000000;115000000;1986000000;1057000000;545000000;810000000;280000000;890000000;438000000;465000000;363000000;305000000;93000000;125000000;0;140000000
431 - BENGKULU;432 - KCP CURUP;Prohajj;Consumer;0;0;0;0;0;0;0;0;0;0;0;0;0;0;0;0;0;0;0;0;0
431 - BENGKULU;432 - KCP CURUP;SME;SME;0;0;0;0;0;0;0;0;0;0;0;0;0;0;0;0;0;0;0;0;0
431 - BENGKULU;441 - JAMBI;Auto_Loan;Consumer;0;0;0;0;0;0;0;0;0;0;0;0;0;0;0;0;0;0;0;0;0
431 - BENGKULU;441 - JAMBI;Cicil_Emas;Consumer;15383363;40245115;41018292;86316255;89793928;0;202217350;114430964;230415000;1573907998;1545120929;416361999;433215514;401528081;714503006;318382964;41969663;765749284;345909994;1705804901;64721401
431 - BENGKULU;441 - JAMBI;KPR;Consumer;0;0;0;0;0;0;0;0;0;0;0;0;0;0;0;240000000;0;0;0;0;0
431 - BENGKULU;441 - JAMBI;Multiguna;Consumer;278000000;300000000;50000000;124000000;330000000;220000000;239250000;558400000;156905000;20000000;0;318000000;120000000;630000000;238000000;228700000;336000000;200000000;267000000;160000000;0
431 - BENGKULU;441 - JAMBI;Prohajj;Consumer;0;0;0;0;0;0;0;0;0;70000000;280000000;280000000;280000000;0;140000000;540000000;432000000;154000000;0;231000000;231000000
431 - BENGKULU;441 - JAMBI;SME;SME;0;0;0;0;0;0;0;0;0;0;0;0;0;0;0;0;0;0;0;0;0
431 - BENGKULU;442 - KCP MUARA BUNGO;Auto_Loan;Consumer;0;0;0;0;0;0;0;0;0;0;0;0;0;0;0;0;0;0;0;0;0
431 - BENGKULU;442 - KCP MUARA BUNGO;Cicil_Emas;Consumer;25114631;460483540;32831475;552512839;185173780;0;0;0;632240820;629412000;438366000;532344840;313770113;752861680;716779080;310705829;519871804;376774652;176168638;282351120;48427951
431 - BENGKULU;442 - KCP MUARA BUNGO;KPR;Consumer;0;0;0;0;0;0;0;0;0;0;0;0;0;0;0;0;0;0;0;0;0
431 - BENGKULU;442 - KCP MUARA BUNGO;Multiguna;Consumer;0;100000000;800000000;0;175000000;520000000;80000000;894000000;256000000;270000000;465000000;0;200000000;185000000;100000000;300000000;0;145000000;394000000;32000000;461700000
431 - BENGKULU;442 - KCP MUARA BUNGO;Prohajj;Consumer;0;0;0;0;0;0;0;0;0;0;0;0;0;0;0;0;0;154000000;0;0;0
431 - BENGKULU;442 - KCP MUARA BUNGO;SME;SME;0;0;0;0;0;0;0;0;0;0;0;0;0;0;0;0;0;0;0;0;0
221 - PEKANBARU;451 - TANJUNG PINANG;Auto_Loan;Consumer;0;0;0;0;0;0;0;0;0;0;0;0;0;0;0;0;0;0;0;0;0
221 - PEKANBARU;451 - TANJUNG PINANG;Cicil_Emas;Consumer;10000000;313065517;206429190;373411203;1064118674;279185224;156793500;353953611;172346925;969344100;907834288;1040149351;1491536963;2241519308;1366099657;1210148042;27463488;278676959;136101406;153807123;287085932
221 - PEKANBARU;451 - TANJUNG PINANG;KPR;Consumer;0;0;0;0;0;0;0;0;155000000;0;0;300000000;0;0;0;0;0;0;0;0;0
221 - PEKANBARU;451 - TANJUNG PINANG;Multiguna;Consumer;565000000;75000000;274000000;0;316300000;83751000;73000000;0;690000000;0;133000000;135700000;0;0;0;0;70000000;30000000;0;0;0
221 - PEKANBARU;451 - TANJUNG PINANG;Prohajj;Consumer;0;0;0;0;0;0;0;0;0;0;0;0;0;0;280000000;0;140000000;385000000;0;0;0
221 - PEKANBARU;451 - TANJUNG PINANG;SME;SME;0;0;0;0;0;0;0;0;0;0;0;0;0;0;0;0;0;0;0;0;0
482 - MEDAN BARU;467 - KCP STABAT;Auto_Loan;Consumer;0;0;0;0;0;0;0;0;0;0;0;0;0;0;0;0;0;0;0;0;0
482 - MEDAN BARU;467 - KCP STABAT;Cicil_Emas;Consumer;0;32791375;0;249701698;45192702;0;0;41433600;82318800;280824600;189523000;185583751;748508280;522527508;1431923488;1010014745;549445794;317877216;676890810;494161797;13127738
482 - MEDAN BARU;467 - KCP STABAT;KPR;Consumer;0;0;0;0;0;0;0;0;0;0;0;0;0;0;0;0;0;0;0;0;0
482 - MEDAN BARU;467 - KCP STABAT;Multiguna;Consumer;0;0;0;0;100000000;0;0;0;0;0;0;0;0;0;0;0;0;0;0;0;0
482 - MEDAN BARU;467 - KCP STABAT;Prohajj;Consumer;0;0;0;0;0;0;0;0;0;0;0;0;0;0;0;0;144000000;0;0;0;0
482 - MEDAN BARU;467 - KCP STABAT;SME;SME;0;0;0;0;0;0;0;0;0;0;0;0;0;0;0;0;0;0;0;0;0
431 - BENGKULU;473 - KCP MANNA BENGKULU;Auto_Loan;Consumer;0;0;0;0;0;0;0;0;0;0;0;0;0;0;0;0;0;0;0;0;0
431 - BENGKULU;473 - KCP MANNA BENGKULU;Cicil_Emas;Consumer;15000000;167302012;53470221;68188048;0;0;0;46863000;79590999;129749000;180429599;896457000;136375600;177074313;165252103;349246331;206103891;766460387;386287313;52651301;167556353
431 - BENGKULU;473 - KCP MANNA BENGKULU;KPR;Consumer;0;0;0;0;0;0;0;0;0;0;0;0;0;0;0;0;0;0;0;0;0
431 - BENGKULU;473 - KCP MANNA BENGKULU;Multiguna;Consumer;0;20000000;0;0;50000000;0;0;0;0;0;0;0;18000000;18000000;0;0;0;25000000;0;0;0
431 - BENGKULU;473 - KCP MANNA BENGKULU;Prohajj;Consumer;0;0;0;0;0;0;0;0;0;0;0;0;0;0;0;0;0;0;0;0;0
431 - BENGKULU;473 - KCP MANNA BENGKULU;SME;SME;0;0;0;0;0;0;0;0;0;0;0;0;0;0;0;0;0;0;0;0;0
431 - BENGKULU;474 - KCP ARGA MAKMUR;Auto_Loan;Consumer;0;0;0;0;0;0;0;0;0;0;0;0;0;0;0;0;0;0;0;0;0
431 - BENGKULU;474 - KCP ARGA MAKMUR;Cicil_Emas;Consumer;7749325;13285131;33092124;0;0;84642680;14945270;152060399;25247198;1784109400;1215093400;1073275200;326799138;386244200;361639206;70989030;137454781;565889199;606212962;161148870;51658826
431 - BENGKULU;474 - KCP ARGA MAKMUR;KPR;Consumer;0;0;0;0;0;0;0;0;0;0;0;0;0;0;0;0;0;0;0;0;0
431 - BENGKULU;474 - KCP ARGA MAKMUR;Multiguna;Consumer;0;0;0;0;0;0;0;0;0;0;0;0;355000000;0;120000000;0;150000000;0;0;0;0
431 - BENGKULU;474 - KCP ARGA MAKMUR;Prohajj;Consumer;0;0;0;0;0;0;0;0;0;0;0;0;0;0;0;0;0;0;0;0;50000000
431 - BENGKULU;474 - KCP ARGA MAKMUR;SME;SME;0;0;0;0;0;0;0;0;0;0;0;0;0;0;0;0;0;0;0;0;0
482 - MEDAN BARU;482 - MEDAN BARU;Auto_Loan;Consumer;0;0;0;0;0;0;0;0;0;0;0;0;0;0;0;0;0;0;0;0;0
482 - MEDAN BARU;482 - MEDAN BARU;Cicil_Emas;Consumer;37321073;113345162;127773841;66476377;110802317;139852360;18475000;208573470;519990198;905445200;1309043200;1724432797;2584822326;1211314092;2456894728;1139037474;1001912846;2729900231;1056902288;338026726;1146840304
482 - MEDAN BARU;482 - MEDAN BARU;KPR;Consumer;0;0;0;0;0;0;475000000;450000000;0;0;0;0;0;0;700000000;0;0;0;0;0;0
482 - MEDAN BARU;482 - MEDAN BARU;Multiguna;Consumer;0;128000000;1200000000;120000000;100000000;0;203000000;130000000;175000000;36885000;60000000;345000000;0;70000000;200000000;40000000;58000000;49000000;58000000;0;0
482 - MEDAN BARU;482 - MEDAN BARU;Prohajj;Consumer;0;0;0;0;0;0;140000000;0;0;0;140000000;210000000;0;0;0;0;0;0;0;0;0
482 - MEDAN BARU;482 - MEDAN BARU;SME;SME;0;0;0;0;0;0;0;0;0;0;0;0;0;0;0;0;0;0;0;17000000000;1000000000
371 - PANGKAL PINANG;495 - KCP KOBA;Auto_Loan;Consumer;0;0;0;0;0;0;0;0;0;0;0;0;0;0;0;0;0;0;0;0;0
371 - PANGKAL PINANG;495 - KCP KOBA;Cicil_Emas;Consumer;0;8130275;19937721;75613565;111075999;0;46152000;228185000;111593000;191447000;234237000;449024780;89534000;130004000;141114390;493778371;152374990;132806190;220296370;154956428;0
371 - PANGKAL PINANG;495 - KCP KOBA;KPR;Consumer;0;0;0;0;0;0;0;0;0;0;0;0;0;0;0;0;0;0;0;0;0
371 - PANGKAL PINANG;495 - KCP KOBA;Multiguna;Consumer;80000000;0;0;0;0;65000000;0;0;0;0;170000000;0;0;0;0;0;0;0;0;25000000;0
371 - PANGKAL PINANG;495 - KCP KOBA;Prohajj;Consumer;0;0;0;0;0;0;0;0;0;0;0;0;0;0;0;0;0;0;0;0;0
371 - PANGKAL PINANG;495 - KCP KOBA;SME;SME;0;0;0;0;0;0;0;0;0;0;0;0;0;0;0;0;0;0;0;0;0
